fecha,gasto,impresiones,clics,clientes_potenciales,ingresos,moneda,visitas_landing
2023-01-01,57.36,2857,318,19,230.66,EUR,273
2023-01-02,54.09,2572,185,20,234.72,EUR,165
2023-01-03,52.53,3802,529,21,245.84,EUR,450
2023-01-04,49.31,3034,512,21,248.77,EUR,451
2023-01-05,51.73,4957,427,22,257.68,EUR,353
2023-01-06,49.27,3590,212,22,262.12,EUR,182
2023-01-07,49.22,4811,411,21,256.68,EUR,370
2023-01-08,46.59,3755,336,21,256.29,EUR,296
2023-01-09,50.65,5418,520,21,257.14,EUR,435
2023-01-10,53.16,2967,498,23,276.79,EUR,428
2023-01-11,53.96,5579,520,22,266.54,EUR,436
2023-01-12,50.5,5765,413,21,254.58,EUR,352
2023-01-13,49.03,4211,252,22,264.83,EUR,222
2023-01-14,48.33,3722,393,23,274.23,EUR,347
2023-01-15,50.63,4165,375,23,275.08,EUR,314
2023-01-16,47.87,3066,511,23,273.37,EUR,457
2023-01-17,45.91,4461,240,23,271.66,EUR,208
2023-01-18,47.71,3981,286,23,276.79,EUR,243
2023-01-19,47.92,2970,577,23,275.93,EUR,496
2023-01-20,47.83,3890,500,23,276.79,EUR,434
2023-01-21,47.67,2141,469,24,281.91,EUR,406
2023-01-22,47.55,2169,400,23,274.23,EUR,344
2023-01-23,50.42,3011,450,23,269.95,EUR,387
2023-01-24,50.28,6041,456,22,269.1,EUR,380
2023-01-25,49.9,4567,564,23,274.23,EUR,499
2023-01-26,51.42,5921,445,23,274.23,EUR,384
2023-01-27,50.72,3985,472,22,264.83,EUR,392
2023-01-28,51.78,2803,207,22,259.7,EUR,182
2023-01-29,49.76,3522,312,21,251.16,EUR,279
2023-01-30,46.09,4314,479,21,249.45,EUR,429
2023-01-31,49.94,3118,304,22,258.85,EUR,258
2023-02-01,51.76,4971,282,21,253.72,EUR,234
2023-02-02,53.31,3367,322,20,241.76,EUR,277
2023-02-03,55.14,4660,294,19,228.09,EUR,244
2023-02-04,52.74,3915,224,19,228.95,EUR,200
2023-02-05,55.74,2392,297,19,232.37,EUR,248
2023-02-06,56.94,2688,590,20,240.91,EUR,496
2023-02-07,52.8,5458,410,20,238.35,EUR,350
2023-02-08,51.4,4219,287,20,244.33,EUR,244
2023-02-09,48.34,2551,202,20,244.33,EUR,178
2023-02-10,51.58,6384,493,21,250.31,EUR,422
2023-02-11,52.0,2096,279,21,252.87,EUR,233
2023-02-12,52.27,4171,446,22,263.12,EUR,375
2023-02-13,51.42,6499,485,22,264.83,EUR,417
2023-02-14,53.02,3366,562,21,250.31,EUR,467
2023-02-15,52.96,2839,332,21,246.03,EUR,288
2023-02-16,53.43,2987,493,21,246.03,EUR,427
2023-02-17,53.04,3827,310,22,259.7,EUR,272
2023-02-18,55.64,2552,492,21,252.01,EUR,440
2023-02-19,57.21,4053,374,22,258.85,EUR,334
2023-02-20,62.08,2854,344,21,249.45,EUR,308
2023-02-21,62.72,4483,311,21,247.74,EUR,261
2023-02-22,64.38,6404,268,21,248.6,EUR,223
2023-02-23,64.41,5982,503,22,257.99,EUR,425
2023-02-24,60.85,4806,282,22,263.12,EUR,251
2023-02-25,57.98,3038,380,22,257.99,EUR,341
2023-02-26,54.77,4049,270,20,243.47,EUR,240
2023-02-27,51.02,4741,496,21,246.03,EUR,411
2023-02-28,48.88,4256,565,20,243.47,EUR,506
2023-03-01,47.94,3133,549,20,243.47,EUR,469
2023-03-02,49.23,6012,552,20,243.47,EUR,453
2023-03-03,49.59,4382,292,20,237.49,EUR,250
2023-03-04,52.38,2657,187,20,237.49,EUR,154
2023-03-05,51.18,3298,414,20,241.76,EUR,357
2023-03-06,53.8,4195,371,20,241.76,EUR,314
2023-03-07,54.33,5896,382,20,237.49,EUR,328
2023-03-08,55.91,5494,223,19,226.39,EUR,194
2023-03-09,56.78,5757,333,19,230.66,EUR,296
2023-03-10,56.24,2662,224,18,221.26,EUR,196
2023-03-11,53.7,3236,468,20,238.35,EUR,400
2023-03-12,57.36,3750,228,21,251.16,EUR,202
2023-03-13,56.94,2619,461,21,246.89,EUR,411
2023-03-14,58.62,3599,208,22,263.12,EUR,173
2023-03-15,57.4,5591,509,24,283.62,EUR,439
2023-03-16,54.81,3324,363,25,295.58,EUR,306
2023-03-17,56.38,4558,608,25,303.27,EUR,501
2023-03-18,56.25,3118,485,26,304.98,EUR,424
2023-03-19,56.22,2267,283,25,301.56,EUR,252
2023-03-20,55.35,3640,605,25,298.15,EUR,504
2023-03-21,53.67,6548,656,24,289.6,EUR,581
2023-03-22,50.53,5893,585,26,316.09,EUR,520
2023-03-23,51.39,6556,591,25,301.56,EUR,528
2023-03-24,50.15,4688,323,26,310.96,EUR,272
2023-03-25,54.43,2546,404,26,307.54,EUR,360
2023-03-26,53.8,3910,187,26,305.83,EUR,158
2023-03-27,55.98,4486,237,26,309.25,EUR,205
2023-03-28,56.55,6065,684,24,291.31,EUR,564
2023-03-29,55.19,3062,339,22,264.83,EUR,279
2023-03-30,55.34,4772,540,21,252.87,EUR,474
2023-03-31,55.61,3358,576,20,235.78,EUR,493
2023-04-01,52.04,2111,361,19,228.95,EUR,303
2023-04-02,50.39,3476,398,18,219.55,EUR,332
2023-04-03,45.63,3494,237,19,229.8,EUR,207
2023-04-04,44.28,3172,169,20,235.78,EUR,139
2023-04-05,45.89,3195,309,18,211.86,EUR,273
2023-04-06,42.98,3549,200,18,216.13,EUR,165
2023-04-07,40.81,4530,155,17,199.9,EUR,129
2023-04-08,38.57,3737,235,15,182.82,EUR,200
2023-04-09,38.11,4015,338,15,178.55,EUR,290
2023-04-10,38.41,4360,340,15,174.27,EUR,288
2023-04-11,38.22,2877,278,15,179.4,EUR,235
2023-04-12,40.49,4101,400,15,178.55,EUR,359
2023-04-13,40.5,3484,229,16,188.8,EUR,200
2023-04-14,40.7,2934,155,16,197.34,EUR,127
2023-04-15,43.46,3771,334,17,206.74,EUR,285
2023-04-16,41.14,1815,307,17,208.45,EUR,273
2023-04-17,39.12,4901,447,17,208.45,EUR,377
2023-04-18,38.81,3428,176,18,211.86,EUR,146
2023-04-19,35.51,4084,468,18,211.86,EUR,412
2023-04-20,39.04,4195,388,18,220.41,EUR,337
2023-04-21,41.98,4928,360,19,230.66,EUR,312
2023-04-22,42.39,3362,317,20,236.64,EUR,261
2023-04-23,45.24,3261,383,20,234.93,EUR,318
2023-04-24,48.29,2322,384,19,232.37,EUR,334
2023-04-25,47.72,3806,363,19,228.95,EUR,304
2023-04-26,50.69,2550,500,20,235.78,EUR,430
2023-04-27,49.08,4305,443,20,234.93,EUR,383
2023-04-28,48.88,3677,322,20,239.2,EUR,271
2023-04-29,49.78,3305,330,20,237.49,EUR,296
2023-04-30,47.62,1712,237,20,236.64,EUR,210
2023-05-01,44.41,2348,267,19,227.24,EUR,234
2023-05-02,44.71,4274,370,20,234.07,EUR,306
2023-05-03,42.82,2297,490,21,246.03,EUR,406
2023-05-04,44.42,2139,501,20,238.35,EUR,431
2023-05-05,44.31,2165,296,20,236.64,EUR,247
2023-05-06,40.19,4107,305,20,241.76,EUR,274
2023-05-07,41.32,3475,196,20,240.91,EUR,163
2023-05-08,43.41,3299,514,20,234.93,EUR,442
2023-05-09,42.99,3150,542,20,238.35,EUR,460
2023-05-10,42.07,3068,399,20,240.05,EUR,348
2023-05-11,40.26,4508,449,20,239.2,EUR,373
2023-05-12,41.86,4152,414,20,235.78,EUR,354
2023-05-13,43.07,2079,312,20,243.47,EUR,263
2023-05-14,42.98,2230,146,20,239.2,EUR,130
2023-05-15,43.59,2425,333,20,244.33,EUR,274
2023-05-16,43.97,4219,425,20,240.91,EUR,380
2023-05-17,47.78,4383,405,20,237.49,EUR,359
2023-05-18,49.48,3051,314,20,240.91,EUR,265
2023-05-19,45.32,2084,508,19,230.66,EUR,449
2023-05-20,47.16,1931,200,19,222.11,EUR,164
2023-05-21,45.74,4235,285,19,225.53,EUR,256
2023-05-22,44.6,3236,412,20,234.07,EUR,355
2023-05-23,43.25,4500,403,19,225.53,EUR,340
2023-05-24,41.75,3868,414,19,225.53,EUR,351
2023-05-25,39.7,3408,262,19,222.97,EUR,216
2023-05-26,38.42,3003,219,19,231.51,EUR,197
2023-05-27,36.66,2167,330,20,236.64,EUR,272
2023-05-28,40.7,3347,321,20,238.35,EUR,280
2023-05-29,42.13,4631,243,20,234.07,EUR,208
2023-05-30,44.91,4342,418,20,242.62,EUR,374
2023-05-31,46.4,3799,350,20,243.47,EUR,294
2023-06-01,52.58,3126,550,20,245.18,EUR,474
2023-06-02,56.48,7163,620,22,262.27,EUR,532
2023-06-03,60.95,5211,231,24,285.33,EUR,202
2023-06-04,62.49,3622,184,25,297.29,EUR,152
2023-06-05,62.0,7226,605,25,301.56,EUR,505
2023-06-06,65.89,5492,528,26,314.38,EUR,442
2023-06-07,64.07,5461,579,26,316.09,EUR,509
2023-06-08,61.68,6018,645,26,313.52,EUR,539
2023-06-09,64.78,6412,625,26,311.81,EUR,541
2023-06-10,64.58,4605,557,25,299.0,EUR,466
2023-06-11,60.41,2741,396,26,311.81,EUR,352
2023-06-12,65.02,4436,450,27,322.92,EUR,403
2023-06-13,63.19,6941,420,27,320.36,EUR,362
2023-06-14,63.69,4042,290,26,316.09,EUR,246
2023-06-15,60.1,4585,513,26,305.83,EUR,430
2023-06-16,59.27,4854,362,24,291.31,EUR,298
2023-06-17,59.87,3881,567,23,275.93,EUR,477
2023-06-18,60.0,4549,434,22,257.99,EUR,379
2023-06-19,57.97,7219,517,21,256.29,EUR,446
2023-06-20,55.73,3940,426,22,268.25,EUR,381
2023-06-21,57.29,3436,241,23,278.5,EUR,205
2023-06-22,58.53,3813,241,24,287.89,EUR,211
2023-06-23,58.41,6784,448,23,279.35,EUR,385
2023-06-24,56.96,4599,238,25,299.0,EUR,205
2023-06-25,61.89,3353,426,25,298.15,EUR,358
2023-06-26,59.06,6712,665,24,288.75,EUR,570
2023-06-27,61.45,6861,699,24,289.6,EUR,600
2023-06-28,58.55,6795,560,24,288.75,EUR,491
2023-06-29,62.62,7193,331,26,309.25,EUR,296
2023-06-30,63.76,4110,665,27,328.05,EUR,563
2023-07-01,63.64,5149,548,27,322.07,EUR,451
2023-07-02,62.48,4045,254,28,340.01,EUR,218
2023-07-03,67.3,6819,619,29,344.28,EUR,535
2023-07-04,68.25,6230,377,29,347.69,EUR,314
2023-07-05,71.09,6268,641,28,340.86,EUR,565
2023-07-06,66.73,5962,761,29,343.42,EUR,684
2023-07-07,62.49,3959,245,28,340.86,EUR,219
2023-07-08,65.53,4481,542,27,325.48,EUR,453
2023-07-09,66.58,6084,454,26,314.38,EUR,404
2023-07-10,65.85,7401,744,28,329.75,EUR,652
2023-07-11,64.29,3233,487,28,336.59,EUR,417
2023-07-12,63.26,3800,678,29,351.97,EUR,585
2023-07-13,66.56,3572,253,29,347.69,EUR,225
2023-07-14,71.72,6314,404,27,328.05,EUR,347
2023-07-15,72.88,5479,219,28,337.44,EUR,186
2023-07-16,72.89,3336,591,27,322.07,EUR,508
2023-07-17,71.94,5346,660,26,313.52,EUR,572
2023-07-18,70.31,6853,682,25,294.73,EUR,570
2023-07-19,69.49,6412,719,24,293.02,EUR,641
2023-07-20,70.61,5605,267,24,283.62,EUR,233
2023-07-21,68.47,5627,438,24,286.19,EUR,381
2023-07-22,62.33,4091,226,24,284.48,EUR,187
2023-07-23,57.21,3494,278,24,286.19,EUR,241
2023-07-24,58.59,5551,353,24,292.17,EUR,293
2023-07-25,57.73,6200,475,24,281.91,EUR,392
2023-07-26,57.46,7094,386,24,288.75,EUR,333
2023-07-27,55.91,5975,290,23,280.21,EUR,247
2023-07-28,57.07,6750,315,24,285.33,EUR,273
2023-07-29,61.34,3095,258,24,291.31,EUR,213
2023-07-30,63.23,4214,612,25,294.73,EUR,523
2023-07-31,63.7,3199,635,25,295.58,EUR,530
2023-08-01,66.32,4129,756,24,293.02,EUR,680
2023-08-02,67.14,6583,466,24,285.33,EUR,403
2023-08-03,68.07,7713,410,24,283.62,EUR,359
2023-08-04,67.17,3636,672,24,289.6,EUR,569
2023-08-05,68.2,3879,331,25,299.85,EUR,274
2023-08-06,71.24,5325,322,25,296.44,EUR,289
2023-08-07,69.87,4152,374,23,277.64,EUR,315
2023-08-08,68.7,5755,304,24,289.6,EUR,260
2023-08-09,69.08,6467,369,22,265.68,EUR,322
2023-08-10,66.78,5928,437,22,263.97,EUR,359
2023-08-11,64.75,4125,602,24,283.62,EUR,533
2023-08-12,65.5,3724,205,22,269.1,EUR,177
2023-08-13,63.83,5623,268,22,263.12,EUR,226
2023-08-14,65.43,5660,695,22,266.54,EUR,573
2023-08-15,69.14,3232,318,23,271.66,EUR,265
2023-08-16,71.15,6705,419,24,282.77,EUR,374
2023-08-17,72.55,3377,710,25,293.87,EUR,621
2023-08-18,74.79,6625,330,24,285.33,EUR,277
2023-08-19,71.88,3276,223,24,288.75,EUR,184
2023-08-20,70.41,6164,389,25,299.85,EUR,340
2023-08-21,69.12,4808,408,25,297.29,EUR,353
2023-08-22,66.32,4793,562,24,287.89,EUR,479
2023-08-23,63.09,3826,695,24,289.6,EUR,590
2023-08-24,63.75,4604,308,25,297.29,EUR,258
2023-08-25,61.33,7253,574,23,272.52,EUR,501
2023-08-26,63.83,6088,418,23,279.35,EUR,375
2023-08-27,69.15,3933,268,23,280.21,EUR,224
2023-08-28,71.69,5571,593,24,284.48,EUR,515
2023-08-29,70.32,6722,377,23,271.66,EUR,322
2023-08-30,68.99,7434,529,22,264.83,EUR,453
2023-08-31,67.3,6012,286,21,254.58,EUR,240
2023-09-01,66.29,3810,379,22,265.68,EUR,336
2023-09-02,62.69,3165,234,21,251.16,EUR,201
2023-09-03,59.62,3812,426,21,250.31,EUR,368
2023-09-04,55.92,2530,216,21,256.29,EUR,182
2023-09-05,54.84,4720,377,21,255.43,EUR,315
2023-09-06,55.12,3769,388,21,253.72,EUR,321
2023-09-07,54.78,5334,493,21,246.89,EUR,432
2023-09-08,54.81,2755,409,22,262.27,EUR,342
2023-09-09,51.67,3710,372,23,271.66,EUR,326
2023-09-10,48.89,3394,403,24,281.06,EUR,343
2023-09-11,48.83,4724,550,23,274.23,EUR,469
2023-09-12,51.24,2605,303,23,277.64,EUR,260
2023-09-13,51.98,4552,409,23,278.5,EUR,347
2023-09-14,48.74,4634,535,24,286.19,EUR,443
2023-09-15,49.55,4357,598,23,280.21,EUR,505
2023-09-16,54.31,3566,444,24,281.06,EUR,388
2023-09-17,52.45,3947,272,24,281.91,EUR,238
2023-09-18,50.41,5394,269,23,278.5,EUR,227
2023-09-19,52.87,3450,368,24,281.06,EUR,315
2023-09-20,54.18,5498,477,24,281.91,EUR,399
2023-09-21,57.75,4256,391,23,278.5,EUR,327
2023-09-22,59.42,2883,389,23,272.52,EUR,320
2023-09-23,55.21,1975,437,22,263.12,EUR,390
2023-09-24,56.16,2867,264,21,252.01,EUR,221
2023-09-25,57.89,5342,554,21,248.6,EUR,464
2023-09-26,56.36,4909,361,22,269.1,EUR,304
2023-09-27,57.46,5360,319,22,265.68,EUR,265
2023-09-28,57.66,4545,391,22,260.56,EUR,341
2023-09-29,55.81,4100,516,22,260.56,EUR,426
2023-09-30,57.21,2437,197,22,261.41,EUR,164
2023-10-01,59.75,2827,217,21,257.14,EUR,189
2023-10-02,58.69,4026,619,21,253.72,EUR,524
2023-10-03,58.78,2770,268,21,246.03,EUR,235
2023-10-04,58.74,3270,428,20,242.62,EUR,370
2023-10-05,59.11,4839,446,21,251.16,EUR,375
2023-10-06,58.29,5284,383,20,240.91,EUR,334
2023-10-07,57.44,4860,375,20,241.76,EUR,311
2023-10-08,53.6,4806,233,20,241.76,EUR,201
2023-10-09,54.79,4945,429,20,242.62,EUR,367
2023-10-10,51.34,4186,346,18,220.41,EUR,291
2023-10-11,49.17,5039,466,18,220.41,EUR,405
2023-10-12,47.65,5345,241,19,229.8,EUR,214
2023-10-13,47.43,2866,439,19,226.39,EUR,395
2023-10-14,49.19,3111,204,20,233.22,EUR,177
2023-10-15,49.43,4510,266,20,244.33,EUR,227
2023-10-16,46.02,4002,258,21,249.45,EUR,216
2023-10-17,49.54,4767,266,20,237.49,EUR,224
2023-10-18,49.53,4725,553,20,240.91,EUR,475
2023-10-19,46.96,3182,320,21,246.03,EUR,272
2023-10-20,47.9,3904,589,21,247.74,EUR,526
2023-10-21,49.06,2947,505,20,237.49,EUR,429
2023-10-22,49.46,2308,339,21,247.74,EUR,288
2023-10-23,51.86,2458,247,21,253.72,EUR,210
2023-10-24,48.28,5704,362,22,265.68,EUR,321
2023-10-25,47.23,3772,554,22,263.97,EUR,483
2023-10-26,49.32,4505,339,22,260.56,EUR,295
2023-10-27,48.52,3655,255,22,259.7,EUR,216
2023-10-28,47.11,4863,341,21,250.31,EUR,302
2023-10-29,50.87,2807,440,20,245.18,EUR,362
2023-10-30,53.37,4322,550,20,239.2,EUR,489
2023-10-31,56.34,5660,266,21,246.89,EUR,229
2023-11-01,56.77,5923,486,20,238.35,EUR,414
2023-11-02,57.73,3122,296,20,234.07,EUR,254
2023-11-03,57.99,5603,274,21,248.6,EUR,239
2023-11-04,57.44,3409,449,22,257.99,EUR,369
2023-11-05,53.56,3590,237,21,256.29,EUR,211
2023-11-06,48.65,2915,321,21,246.89,EUR,275
2023-11-07,50.78,2921,187,20,243.47,EUR,158
2023-11-08,53.74,5572,600,21,249.45,EUR,499
2023-11-09,54.36,4346,561,20,234.93,EUR,480
2023-11-10,55.19,4276,478,20,243.47,EUR,411
2023-11-11,54.04,4247,428,21,253.72,EUR,365
2023-11-12,54.81,4471,212,20,239.2,EUR,185
2023-11-13,56.35,3196,402,20,240.91,EUR,343
2023-11-14,53.67,4881,349,20,234.93,EUR,313
2023-11-15,53.22,3158,234,20,240.05,EUR,203
2023-11-16,52.65,5682,403,21,246.03,EUR,356
2023-11-17,51.41,5121,589,20,240.05,EUR,488
2023-11-18,55.14,5120,181,20,241.76,EUR,154
2023-11-19,58.21,2161,263,20,243.47,EUR,223
2023-11-20,59.47,2723,289,21,246.03,EUR,250
2023-11-21,60.33,3746,307,20,244.33,EUR,273
2023-11-22,58.76,3771,600,20,240.91,EUR,496
2023-11-23,57.12,3604,399,21,255.43,EUR,329
2023-11-24,58.3,6118,405,22,264.83,EUR,360
2023-11-25,56.92,2868,448,22,261.41,EUR,375
2023-11-26,52.73,2816,201,22,267.39,EUR,176
2023-11-27,50.18,5651,393,23,277.64,EUR,339
2023-11-28,47.21,4469,388,23,279.35,EUR,344
2023-11-29,45.07,5624,481,23,275.08,EUR,399
2023-11-30,48.48,2831,638,22,259.7,EUR,530
2023-12-01,50.23,4569,538,21,252.87,EUR,465
2023-12-02,49.45,2163,306,21,249.45,EUR,274
2023-12-03,49.78,2294,488,21,247.74,EUR,416
2023-12-04,52.13,6418,262,22,260.56,EUR,222
2023-12-05,54.29,3159,198,22,263.12,EUR,172
2023-12-06,56.02,4705,295,23,270.81,EUR,264
2023-12-07,52.9,4201,367,21,257.14,EUR,326
2023-12-08,51.22,4091,428,20,237.49,EUR,385
2023-12-09,52.14,4951,370,20,239.2,EUR,304
2023-12-10,55.32,2121,500,20,244.33,EUR,415
2023-12-11,52.43,5417,441,20,245.18,EUR,383
2023-12-12,51.75,6623,449,21,246.03,EUR,398
2023-12-13,53.4,4822,229,21,246.89,EUR,193
2023-12-14,53.6,6201,224,21,248.6,EUR,188
2023-12-15,56.61,2967,453,21,246.89,EUR,400
2023-12-16,56.53,3397,347,20,238.35,EUR,286
2023-12-17,54.03,3041,469,20,240.05,EUR,398
2023-12-18,54.54,5390,269,19,227.24,EUR,231
2023-12-19,56.06,6684,230,19,228.95,EUR,199
2023-12-20,53.22,3577,395,18,218.7,EUR,347
2023-12-21,53.55,5369,293,18,220.41,EUR,249
2023-12-22,54.0,3472,225,19,222.97,EUR,196
2023-12-23,54.25,3863,432,19,222.11,EUR,374
2023-12-24,54.81,3596,200,18,216.13,EUR,173
2023-12-25,57.82,6663,497,18,215.28,EUR,433
2023-12-26,56.52,5147,324,18,217.84,EUR,272
2023-12-27,58.93,4155,284,21,247.74,EUR,235
2023-12-28,61.77,3348,377,21,250.31,EUR,313
2023-12-29,61.42,3147,571,22,269.1,EUR,478
2023-12-30,67.51,3046,309,24,287.04,EUR,266
2023-12-31,75.53,2981,454,25,299.0,EUR,403
2024-01-01,75.39,8103,370,26,309.25,EUR,324
2024-01-02,75.29,6504,763,25,300.71,EUR,674
2024-01-03,75.0,6419,395,25,299.0,EUR,335
2024-01-04,72.34,4323,698,27,328.05,EUR,595
2024-01-05,69.19,8262,629,29,341.71,EUR,536
2024-01-06,67.36,6181,697,29,350.26,EUR,582
2024-01-07,60.79,3045,415,29,351.97,EUR,342
2024-01-08,61.81,7469,326,29,351.97,EUR,283
2024-01-09,68.09,6458,288,29,350.26,EUR,259
2024-01-10,67.41,4111,813,30,354.53,EUR,678
2024-01-11,72.19,6219,602,31,366.49,EUR,496
2024-01-12,74.13,6238,767,32,376.74,EUR,677
2024-01-13,69.49,3375,346,31,371.61,EUR,291
2024-01-14,73.91,7068,389,31,369.05,EUR,345
2024-01-15,76.71,8338,285,31,372.47,EUR,250
2024-01-16,77.35,7352,881,32,384.43,EUR,789
2024-01-17,82.26,6309,693,34,407.49,EUR,591
2024-01-18,82.13,5807,876,34,401.51,EUR,765
2024-01-19,82.6,7300,426,35,416.04,EUR,365
2024-01-20,83.02,5446,518,35,418.6,EUR,451
2024-01-21,83.87,3029,587,35,422.87,EUR,502
2024-01-22,85.4,6522,472,35,416.89,EUR,394
2024-01-23,85.99,8064,822,37,444.23,EUR,707
2024-01-24,84.05,6199,870,35,415.18,EUR,750
2024-01-25,82.02,4000,847,35,422.87,EUR,749
2024-01-26,85.91,7976,745,34,411.77,EUR,655
2024-01-27,86.51,3771,349,35,419.45,EUR,305
2024-01-28,87.8,4099,380,36,428.0,EUR,315
2024-01-29,88.2,4495,911,35,419.45,EUR,800
2024-01-30,83.92,5417,283,35,422.87,EUR,243
2024-01-31,85.41,7965,751,34,406.64,EUR,670
2024-02-01,87.22,6471,754,33,392.97,EUR,674
2024-02-02,81.42,4911,689,31,369.05,EUR,568
2024-02-03,86.4,6920,741,30,354.53,EUR,656
2024-02-04,82.44,6715,387,31,370.76,EUR,319
2024-02-05,82.36,8499,506,32,385.28,EUR,430
2024-02-06,81.61,5170,327,30,361.36,EUR,282
2024-02-07,83.62,6143,565,31,369.91,EUR,470
2024-02-08,81.36,9182,454,31,373.32,EUR,399
2024-02-09,80.99,8092,499,30,355.38,EUR,410
2024-02-10,81.03,3185,656,28,339.15,EUR,547
2024-02-11,78.17,3255,713,27,318.65,EUR,618
2024-02-12,75.01,6280,413,28,330.61,EUR,362
2024-02-13,80.2,8986,513,27,322.07,EUR,458
2024-02-14,80.64,6944,897,28,340.01,EUR,786
2024-02-15,81.53,6644,330,29,342.57,EUR,288
2024-02-16,86.75,4353,350,30,353.67,EUR,298
2024-02-17,83.44,5882,303,30,353.67,EUR,248
2024-02-18,85.41,6630,522,29,345.13,EUR,433
2024-02-19,84.24,5960,387,29,343.42,EUR,334
2024-02-20,82.2,8186,922,30,355.38,EUR,806
2024-02-21,80.38,9359,587,31,374.18,EUR,501
2024-02-22,83.35,4989,607,31,366.49,EUR,533
2024-02-23,84.54,6587,454,32,388.7,EUR,391
2024-02-24,81.74,4429,486,35,414.33,EUR,401
2024-02-25,84.21,6522,576,36,425.43,EUR,481
2024-02-26,81.94,7024,785,34,408.35,EUR,696
2024-02-27,81.15,7418,788,34,400.66,EUR,692
2024-02-28,79.25,8527,659,32,384.43,EUR,588
2024-02-29,78.88,6358,890,33,399.81,EUR,738
2024-03-01,75.33,9070,844,33,396.39,EUR,759
2024-03-02,75.05,5453,631,33,398.95,EUR,528
2024-03-03,71.57,3818,243,34,406.64,EUR,199
2024-03-04,77.3,7870,283,34,409.2,EUR,255
2024-03-05,78.35,8312,410,36,425.43,EUR,345
2024-03-06,76.56,5805,742,34,405.79,EUR,648
2024-03-07,71.18,8748,569,34,401.51,EUR,475
2024-03-08,74.01,9063,551,32,386.99,EUR,477
2024-03-09,74.13,4396,689,31,368.2,EUR,615
2024-03-10,79.34,7620,701,30,354.53,EUR,593
2024-03-11,80.21,4722,890,30,363.93,EUR,778
2024-03-12,75.6,4933,499,31,375.89,EUR,417
2024-03-13,75.43,4841,753,33,392.97,EUR,655
2024-03-14,81.94,8879,484,31,369.05,EUR,410
2024-03-15,79.26,7659,410,32,385.28,EUR,343
2024-03-16,82.13,3857,315,33,398.95,EUR,266
2024-03-17,82.53,5160,404,32,381.01,EUR,337
2024-03-18,84.24,7577,579,31,372.47,EUR,517
2024-03-19,91.55,4339,843,29,345.99,EUR,718
2024-03-20,96.43,9035,368,30,355.38,EUR,309
2024-03-21,92.33,8410,782,29,351.11,EUR,669
2024-03-22,91.17,6758,659,29,352.82,EUR,557
2024-03-23,93.99,7656,382,29,351.97,EUR,336
2024-03-24,92.0,5125,496,30,361.36,EUR,445
2024-03-25,86.9,9569,501,31,375.03,EUR,428
2024-03-26,86.19,7759,690,31,373.32,EUR,613
2024-03-27,81.67,7427,590,31,367.34,EUR,511
2024-03-28,82.82,4818,407,31,371.61,EUR,339
2024-03-29,80.49,9123,372,30,359.65,EUR,326
2024-03-30,75.04,5168,520,30,353.67,EUR,448
2024-03-31,68.22,3925,738,30,354.53,EUR,644
2024-04-01,64.15,2985,418,29,351.11,EUR,373
2024-04-02,55.04,5385,595,30,357.09,EUR,509
2024-04-03,55.9,5181,547,29,345.99,EUR,488
2024-04-04,54.03,6165,698,28,335.73,EUR,614
2024-04-05,56.49,6895,652,27,322.92,EUR,560
2024-04-06,60.17,2678,403,28,329.75,EUR,350
2024-04-07,62.57,4879,445,28,333.17,EUR,376
2024-04-08,63.75,3553,687,26,310.11,EUR,617
2024-04-09,69.4,6844,439,26,312.67,EUR,383
2024-04-10,66.25,6519,397,25,303.27,EUR,327
2024-04-11,67.23,5255,235,25,298.15,EUR,199
2024-04-12,62.91,6165,644,25,298.15,EUR,560
2024-04-13,63.42,3438,513,24,281.91,EUR,423
2024-04-14,61.36,4143,213,23,274.23,EUR,175
2024-04-15,65.62,6667,529,23,272.52,EUR,453
2024-04-16,62.45,5070,474,23,274.23,EUR,401
2024-04-17,66.96,4418,289,22,265.68,EUR,247
2024-04-18,63.21,5286,728,23,275.93,EUR,612
2024-04-19,67.45,6683,332,24,288.75,EUR,277
2024-04-20,66.89,3535,224,23,276.79,EUR,196
2024-04-21,69.5,3013,423,22,260.56,EUR,364
2024-04-22,67.73,5977,619,22,267.39,EUR,517
2024-04-23,69.89,6710,244,22,260.56,EUR,206
2024-04-24,67.61,3328,564,23,275.08,EUR,489
2024-04-25,69.84,3922,488,24,284.48,EUR,403
2024-04-26,70.16,3470,280,24,287.89,EUR,233
2024-04-27,69.44,3750,252,24,292.17,EUR,208
2024-04-28,66.26,3946,435,26,312.67,EUR,385
2024-04-29,63.47,6509,371,26,313.52,EUR,327
2024-04-30,64.77,5868,740,25,303.27,EUR,651
2024-05-01,67.34,5620,658,25,299.85,EUR,577
2024-05-02,65.84,4475,745,24,284.48,EUR,651
2024-05-03,66.09,6918,356,24,286.19,EUR,306
2024-05-04,61.76,4089,592,25,296.44,EUR,516
2024-05-05,63.56,5886,367,25,299.0,EUR,302
2024-05-06,64.98,5890,418,25,299.85,EUR,364
2024-05-07,61.21,3634,243,25,300.71,EUR,214
2024-05-08,59.57,6186,268,24,289.6,EUR,230
2024-05-09,58.08,4635,595,24,281.91,EUR,505
2024-05-10,60.81,6094,475,24,282.77,EUR,400
2024-05-11,65.65,2538,275,25,300.71,EUR,240
2024-05-12,68.21,3014,432,24,289.6,EUR,378
2024-05-13,68.46,6941,362,24,284.48,EUR,322
2024-05-14,67.36,3967,535,24,287.04,EUR,453
2024-05-15,68.37,6745,404,26,311.81,EUR,356
2024-05-16,71.99,4341,673,26,316.09,EUR,582
2024-05-17,66.82,5962,674,26,306.69,EUR,600
2024-05-18,66.98,4968,378,25,295.58,EUR,326
2024-05-19,67.93,4230,322,25,297.29,EUR,277
2024-05-20,70.45,4417,419,25,298.15,EUR,363
2024-05-21,74.34,3927,659,26,310.11,EUR,580
2024-05-22,73.6,3291,401,25,301.56,EUR,360
2024-05-23,72.89,4548,340,25,300.71,EUR,281
2024-05-24,77.98,5864,277,25,300.71,EUR,228
2024-05-25,77.44,5796,370,25,294.73,EUR,331
2024-05-26,73.15,5497,378,25,298.15,EUR,326
2024-05-27,68.06,6517,653,26,310.96,EUR,568
2024-05-28,65.47,6681,358,26,316.94,EUR,307
2024-05-29,69.54,5982,435,28,335.73,EUR,360
2024-05-30,75.41,4176,675,28,339.15,EUR,595
2024-05-31,72.1,7153,662,31,369.91,EUR,582
2024-06-01,73.94,6600,467,33,398.95,EUR,395
2024-06-02,78.79,6049,512,34,411.77,EUR,432
2024-06-03,88.8,4718,520,34,403.22,EUR,461
2024-06-04,95.68,6883,963,33,398.95,EUR,795
2024-06-05,95.71,6898,411,35,416.04,EUR,366
2024-06-06,92.45,9427,995,35,416.89,EUR,836
2024-06-07,94.83,7665,798,35,421.16,EUR,692
2024-06-08,92.05,5314,559,37,438.25,EUR,500
2024-06-09,89.6,8007,262,37,440.81,EUR,229
2024-06-10,89.01,4898,643,37,447.65,EUR,549
2024-06-11,89.23,6833,623,36,434.83,EUR,545
2024-06-12,91.0,4282,410,34,410.06,EUR,347
2024-06-13,93.72,8815,783,34,409.2,EUR,659
2024-06-14,96.55,10001,1016,33,398.95,EUR,914
2024-06-15,100.65,4598,592,34,406.64,EUR,521
2024-06-16,108.73,7501,673,34,411.77,EUR,587
2024-06-17,108.09,6074,344,35,416.04,EUR,292
2024-06-18,103.47,9860,615,34,411.77,EUR,507
2024-06-19,99.27,8918,397,34,408.35,EUR,327
2024-06-20,93.77,9222,756,35,419.45,EUR,653
2024-06-21,96.61,4317,1003,36,430.56,EUR,884
2024-06-22,95.54,8019,622,36,431.41,EUR,537
2024-06-23,89.28,7080,291,37,439.1,EUR,258
2024-06-24,87.79,6201,577,36,427.14,EUR,475
2024-06-25,90.89,9354,723,36,435.69,EUR,614
2024-06-26,91.02,5944,610,36,425.43,EUR,512
2024-06-27,91.65,9511,922,36,429.71,EUR,789
2024-06-28,88.87,4947,910,35,419.45,EUR,751
2024-06-29,88.06,6950,618,35,413.47,EUR,554
2024-06-30,92.81,6072,471,34,408.35,EUR,395
2024-07-01,92.01,4919,492,34,404.93,EUR,440
2024-07-02,94.4,5693,381,34,406.64,EUR,325
2024-07-03,94.54,4340,562,34,401.51,EUR,505
2024-07-04,97.69,7065,634,33,394.68,EUR,548
2024-07-05,99.03,6112,822,33,390.41,EUR,735
2024-07-06,98.94,6381,640,30,362.22,EUR,525
2024-07-07,92.88,4902,290,29,351.97,EUR,255
2024-07-08,88.54,6084,603,29,348.55,EUR,538
2024-07-09,87.99,8921,462,30,364.78,EUR,384
2024-07-10,88.91,4616,452,32,377.59,EUR,374
2024-07-11,89.87,9918,924,32,380.16,EUR,789
2024-07-12,85.01,9487,360,33,391.26,EUR,322
2024-07-13,82.19,6961,503,32,383.57,EUR,434
2024-07-14,81.64,6550,352,33,393.83,EUR,303
2024-07-15,83.77,9796,987,33,399.81,EUR,820
2024-07-16,81.52,5497,733,35,413.47,EUR,601
2024-07-17,80.48,4704,494,36,431.41,EUR,437
2024-07-18,78.69,5809,696,38,451.06,EUR,576
2024-07-19,84.77,9361,848,37,439.1,EUR,738
2024-07-20,86.79,3562,830,38,460.46,EUR,741
2024-07-21,91.82,6315,382,38,459.61,EUR,320
2024-07-22,96.46,10570,968,40,472.42,EUR,845
2024-07-23,95.22,9661,1013,39,467.29,EUR,837
2024-07-24,96.07,7534,1001,40,480.11,EUR,869
2024-07-25,98.46,4679,807,40,480.96,EUR,672
2024-07-26,97.96,9547,782,40,480.11,EUR,687
2024-07-27,95.52,6574,491,40,484.38,EUR,414
2024-07-28,99.51,4170,711,39,464.73,EUR,609
2024-07-29,96.36,4836,707,40,483.53,EUR,614
2024-07-30,94.97,10176,824,40,483.53,EUR,687
2024-07-31,93.71,8660,628,41,493.78,EUR,552
2024-08-01,94.95,9697,882,41,485.23,EUR,745
2024-08-02,91.6,9985,941,40,480.11,EUR,821
2024-08-03,93.41,6475,347,41,486.09,EUR,289
2024-08-04,90.6,6173,770,40,480.96,EUR,674
2024-08-05,89.66,6975,724,41,493.78,EUR,601
2024-08-06,87.19,6456,959,41,492.07,EUR,819
2024-08-07,85.06,7225,640,40,477.55,EUR,537
2024-08-08,79.09,9266,600,40,479.25,EUR,528
2024-08-09,76.41,8237,1008,40,477.55,EUR,848
2024-08-10,74.82,8170,407,39,463.02,EUR,362
2024-08-11,74.49,5751,768,38,458.75,EUR,685
2024-08-12,72.86,8393,695,37,441.67,EUR,581
2024-08-13,75.73,8686,707,35,421.16,EUR,614
2024-08-14,82.42,8119,563,35,414.33,EUR,466
2024-08-15,84.24,8789,767,36,430.56,EUR,653
2024-08-16,89.63,5929,569,36,431.41,EUR,499
2024-08-17,90.5,6231,277,36,428.0,EUR,242
2024-08-18,86.69,4007,428,36,435.69,EUR,372
2024-08-19,86.17,7019,330,35,422.87,EUR,278
2024-08-20,85.13,7420,1076,37,437.39,EUR,915
2024-08-21,80.11,8707,1081,38,451.92,EUR,895
2024-08-22,78.64,10538,631,38,457.04,EUR,554
2024-08-23,72.53,8484,879,39,465.59,EUR,756
2024-08-24,71.78,7605,465,39,464.73,EUR,408
2024-08-25,73.66,6087,666,40,484.38,EUR,559
2024-08-26,74.65,8496,932,40,473.27,EUR,788
2024-08-27,76.24,4938,1065,40,484.38,EUR,902
2024-08-28,78.23,6025,614,39,471.57,EUR,505
2024-08-29,78.78,6772,936,38,452.77,EUR,793
2024-08-30,74.85,7514,526,37,440.81,EUR,465
2024-08-31,77.26,3568,869,36,433.98,EUR,775
2024-09-01,76.12,3195,201,35,422.87,EUR,173
2024-09-02,73.14,4607,611,34,412.62,EUR,523
2024-09-03,73.76,8076,630,32,386.14,EUR,518
2024-09-04,72.25,5098,655,30,360.51,EUR,583
2024-09-05,68.93,5580,331,30,357.95,EUR,272
2024-09-06,71.41,4370,794,29,342.57,EUR,711
2024-09-07,70.94,5056,271,28,334.88,EUR,233
2024-09-08,71.44,3745,486,26,315.23,EUR,412
2024-09-09,72.67,4432,371,27,326.34,EUR,332
2024-09-10,68.36,5933,423,28,334.03,EUR,348
2024-09-11,66.02,3411,567,28,332.32,EUR,491
2024-09-12,68.13,3464,491,26,316.94,EUR,424
2024-09-13,71.28,4393,347,27,317.79,EUR,291
2024-09-14,68.6,2753,285,25,296.44,EUR,243
2024-09-15,66.13,2993,394,24,291.31,EUR,344
2024-09-16,69.45,4953,697,24,293.02,EUR,612
2024-09-17,68.36,7658,770,25,299.85,EUR,631
2024-09-18,67.72,6337,313,25,298.15,EUR,280
2024-09-19,69.99,5784,475,24,287.04,EUR,396
2024-09-20,71.61,4690,322,23,270.81,EUR,270
2024-09-21,72.6,6476,194,24,286.19,EUR,163
2024-09-22,73.58,4335,508,25,299.85,EUR,418
2024-09-23,69.21,3849,602,25,293.87,EUR,500
2024-09-24,71.45,6441,350,23,277.64,EUR,315
2024-09-25,73.54,3922,398,24,281.91,EUR,336
2024-09-26,70.22,5138,254,26,307.54,EUR,211
2024-09-27,65.49,5936,733,26,311.81,EUR,607
2024-09-28,65.01,6006,648,26,310.96,EUR,569
2024-09-29,61.51,4670,279,26,313.52,EUR,248
2024-09-30,62.6,6841,393,26,314.38,EUR,330
2024-10-01,61.84,8420,755,26,311.81,EUR,620
2024-10-02,59.96,4343,797,26,306.69,EUR,668
2024-10-03,60.19,4810,514,27,317.79,EUR,424
2024-10-04,64.52,5354,281,27,319.5,EUR,233
2024-10-05,65.92,4514,218,27,317.79,EUR,186
2024-10-06,70.1,4430,468,25,304.13,EUR,392
2024-10-07,74.8,8048,477,25,299.85,EUR,411
2024-10-08,76.06,7087,283,26,313.52,EUR,238
2024-10-09,75.17,6697,618,25,302.42,EUR,553
2024-10-10,76.54,4862,252,25,295.58,EUR,225
2024-10-11,74.6,7649,738,25,299.0,EUR,639
2024-10-12,75.86,6529,345,25,304.13,EUR,293
2024-10-13,74.97,6135,229,27,322.92,EUR,195
2024-10-14,69.94,3324,621,26,313.52,EUR,530
2024-10-15,68.29,6624,492,27,322.92,EUR,432
2024-10-16,69.83,3645,834,28,337.44,EUR,714
2024-10-17,71.46,4832,589,27,328.9,EUR,523
2024-10-18,70.83,3815,410,27,328.9,EUR,367
2024-10-19,67.97,5089,556,27,324.63,EUR,471
2024-10-20,71.58,5563,337,28,340.01,EUR,291
2024-10-21,74.62,3942,793,30,356.24,EUR,656
2024-10-22,74.65,5275,476,28,338.3,EUR,398
2024-10-23,72.42,5755,573,27,328.9,EUR,489
2024-10-24,68.12,5302,282,27,327.19,EUR,236
2024-10-25,66.92,4301,511,29,344.28,EUR,455
2024-10-26,65.87,4521,596,28,339.15,EUR,496
2024-10-27,60.16,5715,594,28,331.46,EUR,509
2024-10-28,57.44,3752,398,28,339.15,EUR,346
2024-10-29,56.65,3961,392,29,342.57,EUR,343
2024-10-30,62.25,5490,758,28,329.75,EUR,645
2024-10-31,62.2,8164,812,27,325.48,EUR,722
2024-11-01,63.59,6726,327,29,351.97,EUR,283
2024-11-02,64.76,5764,426,28,339.15,EUR,364
2024-11-03,70.5,4306,386,27,328.05,EUR,319
2024-11-04,69.16,6453,811,27,323.77,EUR,695
2024-11-05,71.59,3568,306,28,330.61,EUR,271
2024-11-06,71.57,6506,384,29,342.57,EUR,334
2024-11-07,77.05,8217,714,28,334.03,EUR,633
2024-11-08,80.03,6690,297,26,308.4,EUR,255
2024-11-09,79.24,6510,461,27,326.34,EUR,382
2024-11-10,73.55,5696,417,28,331.46,EUR,342
2024-11-11,78.98,4114,468,28,338.3,EUR,395
2024-11-12,82.48,8096,500,26,315.23,EUR,438
2024-11-13,79.81,3854,590,27,317.79,EUR,521
2024-11-14,78.1,6185,375,27,318.65,EUR,316
2024-11-15,74.54,4189,608,26,306.69,EUR,523
2024-11-16,78.26,2741,586,26,313.52,EUR,500
2024-11-17,78.97,4627,589,27,320.36,EUR,502
2024-11-18,75.58,5126,348,26,309.25,EUR,292
2024-11-19,72.07,6022,352,25,299.0,EUR,292
2024-11-20,71.93,6532,434,25,294.73,EUR,363
2024-11-21,69.97,3586,487,26,306.69,EUR,401
2024-11-22,67.54,4120,512,26,309.25,EUR,428
2024-11-23,66.56,5151,538,26,309.25,EUR,442
2024-11-24,67.31,4514,209,25,299.85,EUR,182
2024-11-25,69.13,7240,292,25,299.0,EUR,247
2024-11-26,67.99,7098,502,28,329.75,EUR,451
2024-11-27,67.78,8076,708,28,333.17,EUR,592
2024-11-28,69.07,7202,387,28,334.88,EUR,328
2024-11-29,68.43,5968,654,28,330.61,EUR,555
2024-11-30,66.41,5702,350,28,331.46,EUR,287
2024-12-01,64.94,4025,660,28,334.88,EUR,586
2024-12-02,61.24,5144,816,30,357.09,EUR,671
2024-12-03,67.58,7832,460,31,374.18,EUR,412
2024-12-04,66.86,6009,402,32,386.99,EUR,358
2024-12-05,68.92,7708,521,31,375.89,EUR,450
2024-12-06,70.88,7771,420,31,374.18,EUR,363
2024-12-07,73.67,6456,554,31,370.76,EUR,483
2024-12-08,78.36,6652,629,31,375.89,EUR,535
2024-12-09,82.66,5832,680,32,378.45,EUR,593
2024-12-10,77.8,5369,789,30,353.67,EUR,650
2024-12-11,78.33,6606,512,29,351.11,EUR,422
2024-12-12,75.17,5527,358,31,372.47,EUR,307
2024-12-13,80.49,6767,720,31,367.34,EUR,622
2024-12-14,81.58,5944,412,32,383.57,EUR,367
2024-12-15,83.29,5565,541,32,388.7,EUR,448
2024-12-16,79.13,5504,449,32,386.99,EUR,398
2024-12-17,80.95,4479,307,32,388.7,EUR,257
2024-12-18,85.52,5992,892,32,384.43,EUR,760
2024-12-19,84.35,4285,368,33,399.81,EUR,311
2024-12-20,78.26,8156,902,34,402.37,EUR,769
2024-12-21,77.62,4406,697,33,395.53,EUR,580
2024-12-22,74.49,3462,603,34,401.51,EUR,519
2024-12-23,80.41,3598,681,33,391.26,EUR,602
2024-12-24,76.45,6991,648,33,394.68,EUR,554
2024-12-25,74.9,6992,803,33,398.1,EUR,690
2024-12-26,75.36,5360,425,32,383.64,EUR,377
2024-12-27,76.29,3756,564,33,395.68,EUR,494
2024-12-28,72.13,4730,537,32,381.63,EUR,461
2024-12-29,69.92,4346,413,31,373.15,EUR,347
2024-12-30,64.08,7317,547,31,366.77,EUR,487
2024-12-31,65.04,6757,468,30,358.8,EUR,405
